sympathetic_white,sympathetic_black,no_story,unsympathetic_white,unsympathetic_black,policy,conservative,moderate,liberal
0,0,0,1,0,0,0,0,1
0,0,1,0,0,1,1,0,0
1,0,0,0,0,1,0,0,1
0,0,0,1,0,1,0,0,1
0,0,0,0,1,0,0,1,0
1,0,0,0,0,1,NA,NA,NA
0,0,0,0,1,1,1,0,0
0,0,0,0,1,0,1,0,0
0,0,0,0,1,0,0,0,1
0,1,0,0,0,1,1,0,0
0,0,1,0,0,1,0,0,1
0,0,0,1,0,1,0,0,1
0,0,0,0,1,0,0,0,1
1,0,0,0,0,1,0,0,1
0,0,0,1,0,1,0,1,0
0,0,1,0,0,0,NA,NA,NA
0,0,0,1,0,0,1,0,0
0,0,1,0,0,1,NA,NA,NA
1,0,0,0,0,0,NA,NA,NA
0,0,1,0,0,1,0,0,1
1,0,0,0,0,1,1,0,0
1,0,0,0,0,1,0,0,1
0,1,0,0,0,1,NA,NA,NA
0,0,0,1,0,1,0,0,1
0,0,1,0,0,1,0,0,1
1,0,0,0,0,0,NA,NA,NA
0,0,0,1,0,1,1,0,0
0,1,0,0,0,1,1,0,0
0,0,0,1,0,1,0,1,0
0,0,0,0,1,1,1,0,0
0,0,0,0,1,0,NA,NA,NA
0,0,0,0,1,1,0,0,1
0,0,1,0,0,0,0,1,0
0,0,1,0,0,0,1,0,0
0,0,0,1,0,0,1,0,0
0,0,1,0,0,1,0,1,0
0,1,0,0,0,1,0,0,1
0,0,0,0,1,1,0,0,1
1,0,0,0,0,1,0,1,0
0,0,0,1,0,1,0,1,0
0,0,0,1,0,1,0,1,0
1,0,0,0,0,1,NA,NA,NA
0,0,0,0,1,1,0,0,1
1,0,0,0,0,1,0,0,1
0,0,0,1,0,1,0,0,1
0,0,1,0,0,0,0,0,1
0,0,0,0,1,1,1,0,0
1,0,0,0,0,1,1,0,0
0,0,1,0,0,1,0,0,1
0,0,0,0,1,1,0,0,1
1,0,0,0,0,1,0,0,1
0,0,1,0,0,0,1,0,0
1,0,0,0,0,1,1,0,0
0,0,1,0,0,1,0,0,1
1,0,0,0,0,1,1,0,0
0,0,0,0,1,1,1,0,0
0,1,0,0,0,0,1,0,0
0,0,1,0,0,0,1,0,0
0,0,0,1,0,0,1,0,0
1,0,0,0,0,1,0,1,0
0,0,1,0,0,1,0,0,1
0,1,0,0,0,0,0,0,1
0,0,0,0,1,1,0,1,0
0,1,0,0,0,0,1,0,0
0,0,1,0,0,1,0,0,1
0,0,1,0,0,0,0,0,1
0,0,1,0,0,0,1,0,0
0,0,0,1,0,1,0,1,0
1,0,0,0,0,1,1,0,0
0,0,0,0,1,1,0,0,1
0,1,0,0,0,1,0,0,1
0,0,1,0,0,1,1,0,0
0,0,0,1,0,1,1,0,0
0,1,0,0,0,1,0,0,1
0,0,0,0,1,1,0,0,1
0,0,0,0,1,1,0,0,1
0,1,0,0,0,0,0,0,1
1,0,0,0,0,1,0,0,1
0,1,0,0,0,1,0,1,0
0,0,1,0,0,1,1,0,0
0,1,0,0,0,1,0,0,1
0,0,0,1,0,1,0,0,1
0,0,1,0,0,0,1,0,0
0,0,0,1,0,1,NA,NA,NA
0,0,0,1,0,1,0,1,0
0,0,0,1,0,1,0,0,1
0,0,0,1,0,1,0,0,1
1,0,0,0,0,0,1,0,0
1,0,0,0,0,1,0,0,1
1,0,0,0,0,1,1,0,0
0,0,0,1,0,1,1,0,0
0,0,1,0,0,1,0,0,1
1,0,0,0,0,1,0,1,0
0,0,0,0,1,0,1,0,0
0,0,1,0,0,0,1,0,0
0,0,1,0,0,0,1,0,0
0,1,0,0,0,1,0,0,1
0,1,0,0,0,1,1,0,0
0,0,1,0,0,0,1,0,0
0,1,0,0,0,1,0,0,1
0,0,0,0,1,0,1,0,0
0,1,0,0,0,1,0,0,1
0,0,1,0,0,1,NA,NA,NA
0,0,0,0,1,1,NA,NA,NA
0,0,1,0,0,1,1,0,0
0,0,0,0,1,1,0,1,0
0,1,0,0,0,1,1,0,0
0,1,0,0,0,1,NA,NA,NA
0,0,1,0,0,1,0,0,1
0,0,0,1,0,0,0,0,1
0,1,0,0,0,0,1,0,0
0,0,1,0,0,1,0,0,1
0,0,0,0,1,1,NA,NA,NA
0,0,0,1,0,0,NA,NA,NA
0,0,0,1,0,0,1,0,0
0,1,0,0,0,1,0,0,1
0,0,0,0,1,1,0,0,1
0,0,0,1,0,0,0,1,0
0,0,1,0,0,1,0,0,1
1,0,0,0,0,0,1,0,0
0,1,0,0,0,1,0,0,1
0,0,0,0,1,0,1,0,0
1,0,0,0,0,1,0,0,1
0,0,0,0,1,1,0,1,0
1,0,0,0,0,1,1,0,0
0,0,1,0,0,0,0,1,0
1,0,0,0,0,1,0,1,0
0,0,0,1,0,1,0,0,1
0,1,0,0,0,0,0,1,0
0,1,0,0,0,1,1,0,0
0,1,0,0,0,1,1,0,0
0,0,1,0,0,0,1,0,0
0,0,0,1,0,1,0,0,1
1,0,0,0,0,1,1,0,0
0,0,0,0,1,1,0,0,1
0,0,0,0,1,0,1,0,0
0,0,0,0,1,1,0,0,1
0,0,0,0,1,0,0,1,0
0,0,0,0,1,1,NA,NA,NA
0,0,0,1,0,1,1,0,0
0,0,1,0,0,0,0,0,1
0,0,0,1,0,1,0,1,0
1,0,0,0,0,1,1,0,0
0,0,0,0,1,1,1,0,0
1,0,0,0,0,0,0,1,0
0,0,0,0,1,1,1,0,0
0,0,0,1,0,1,1,0,0
1,0,0,0,0,1,0,1,0
1,0,0,0,0,1,1,0,0
0,0,0,0,1,1,0,0,1
0,0,1,0,0,0,0,0,1
0,1,0,0,0,1,1,0,0
0,0,0,0,1,0,1,0,0
0,0,1,0,0,1,0,1,0
0,1,0,0,0,1,0,0,1
0,0,0,1,0,1,0,1,0
0,1,0,0,0,1,0,0,1
0,0,0,1,0,1,0,0,1
0,1,0,0,0,0,1,0,0
0,1,0,0,0,1,0,1,0
0,0,0,1,0,0,0,0,1
0,0,1,0,0,1,0,0,1
0,1,0,0,0,1,0,0,1
0,1,0,0,0,1,0,0,1
0,0,0,0,1,1,0,0,1
0,0,0,0,1,0,1,0,0
0,0,0,0,1,0,1,0,0
0,1,0,0,0,1,NA,NA,NA
0,0,0,1,0,1,0,1,0
0,1,0,0,0,1,1,0,0
0,0,0,1,0,1,0,0,1
1,0,0,0,0,1,NA,NA,NA
0,0,1,0,0,0,0,1,0
0,0,1,0,0,1,0,0,1
1,0,0,0,0,1,1,0,0
1,0,0,0,0,1,0,0,1
0,1,0,0,0,1,NA,NA,NA
1,0,0,0,0,1,NA,NA,NA
0,0,1,0,0,1,0,1,0
0,0,0,0,1,1,0,0,1
1,0,0,0,0,1,1,0,0
0,0,0,0,1,1,0,0,1
0,0,0,1,0,0,0,1,0
0,1,0,0,0,1,0,0,1
0,0,1,0,0,1,0,0,1
0,0,1,0,0,0,0,0,1
1,0,0,0,0,1,0,0,1
0,1,0,0,0,0,1,0,0
0,0,0,1,0,1,0,0,1
0,1,0,0,0,0,1,0,0
0,0,0,0,1,1,0,0,1
0,0,0,1,0,1,0,0,1
1,0,0,0,0,1,0,0,1
0,1,0,0,0,1,0,1,0
0,0,0,1,0,1,0,0,1
0,1,0,0,0,0,1,0,0
0,0,0,0,1,1,0,0,1
0,0,1,0,0,1,0,0,1
0,1,0,0,0,1,0,1,0
0,0,1,0,0,1,NA,NA,NA
1,0,0,0,0,1,0,0,1
0,0,0,1,0,0,0,1,0
1,0,0,0,0,1,0,1,0
0,1,0,0,0,1,1,0,0
0,0,0,0,1,0,NA,NA,NA
0,0,0,1,0,1,0,0,1
0,0,0,0,1,0,1,0,0
0,1,0,0,0,1,0,0,1
0,0,0,1,0,1,0,0,1
1,0,0,0,0,0,NA,NA,NA
0,1,0,0,0,1,1,0,0
0,0,0,1,0,0,1,0,0
0,0,0,0,1,0,0,1,0
1,0,0,0,0,0,1,0,0
0,1,0,0,0,1,NA,NA,NA
0,0,0,1,0,0,1,0,0
0,0,0,0,1,0,1,0,0
0,0,1,0,0,0,0,1,0
0,0,0,1,0,0,NA,NA,NA
1,0,0,0,0,1,0,0,1
0,1,0,0,0,1,0,0,1
0,0,0,1,0,0,1,0,0
1,0,0,0,0,1,NA,NA,NA
0,0,0,0,1,0,1,0,0
0,0,1,0,0,0,0,1,0
0,0,1,0,0,1,0,0,1
1,0,0,0,0,1,1,0,0
0,0,0,0,1,1,0,0,1
0,0,1,0,0,1,1,0,0
0,0,0,1,0,0,0,0,1
0,0,0,0,1,1,0,0,1
0,0,1,0,0,1,0,0,1
0,0,0,1,0,1,0,0,1
0,1,0,0,0,0,0,0,1
1,0,0,0,0,1,0,0,1
0,1,0,0,0,1,1,0,0
1,0,0,0,0,1,0,0,1
0,1,0,0,0,1,0,0,1
0,0,0,1,0,1,NA,NA,NA
0,1,0,0,0,1,1,0,0
0,0,0,1,0,0,0,1,0
0,0,1,0,0,1,1,0,0
0,1,0,0,0,0,1,0,0
0,0,0,1,0,1,NA,NA,NA
1,0,0,0,0,1,NA,NA,NA
0,0,0,1,0,1,0,1,0
0,0,0,0,1,1,0,0,1
1,0,0,0,0,0,0,1,0
0,0,0,0,1,1,0,0,1
1,0,0,0,0,1,0,0,1
0,1,0,0,0,1,0,0,1
1,0,0,0,0,1,0,0,1
0,0,0,1,0,1,1,0,0
0,1,0,0,0,1,1,0,0
0,0,0,1,0,1,0,0,1
0,0,0,0,1,0,1,0,0
0,0,1,0,0,1,0,0,1
0,1,0,0,0,0,1,0,0
0,0,0,1,0,1,0,1,0
0,0,1,0,0,1,0,0,1
0,0,0,1,0,0,NA,NA,NA
0,0,0,0,1,0,1,0,0
0,0,1,0,0,0,1,0,0
0,1,0,0,0,1,0,1,0
0,0,0,0,1,1,0,0,1
0,0,1,0,0,0,1,0,0
1,0,0,0,0,1,0,0,1
0,0,0,1,0,1,0,0,1
0,0,0,0,1,1,1,0,0
1,0,0,0,0,0,0,0,1
1,0,0,0,0,0,1,0,0
0,0,0,1,0,1,0,0,1
0,0,0,0,1,1,0,0,1
0,0,0,1,0,0,0,0,1
0,0,0,0,1,0,1,0,0
0,0,1,0,0,1,0,0,1
1,0,0,0,0,1,0,1,0
0,1,0,0,0,1,0,0,1
0,0,0,1,0,0,NA,NA,NA
0,0,0,0,1,0,0,0,1
0,0,0,1,0,NA,1,0,0
0,0,0,0,1,1,0,0,1
1,0,0,0,0,1,0,0,1
0,1,0,0,0,1,NA,NA,NA
0,0,0,1,0,0,0,1,0
0,0,1,0,0,1,0,1,0
0,0,0,0,1,0,0,1,0
0,1,0,0,0,1,0,0,1
0,0,0,0,1,1,0,1,0
0,0,0,0,1,1,0,0,1
0,0,0,1,0,1,NA,NA,NA
0,0,0,0,1,1,0,1,0
0,1,0,0,0,1,0,1,0
0,0,1,0,0,1,0,0,1
1,0,0,0,0,1,0,0,1
0,0,1,0,0,0,1,0,0
1,0,0,0,0,1,1,0,0
0,0,0,0,1,1,NA,NA,NA
0,0,1,0,0,0,0,0,1
0,1,0,0,0,1,0,0,1
1,0,0,0,0,1,0,1,0
0,1,0,0,0,1,0,1,0
0,1,0,0,0,0,1,0,0
0,0,0,0,1,0,0,1,0
0,0,1,0,0,1,0,0,1
1,0,0,0,0,1,0,0,1
0,0,1,0,0,1,0,1,0
0,1,0,0,0,0,0,0,1
1,0,0,0,0,0,1,0,0
0,0,0,0,1,1,NA,NA,NA
0,0,1,0,0,1,0,0,1
0,1,0,0,0,1,0,0,1
0,0,0,1,0,0,0,1,0
1,0,0,0,0,0,0,1,0
0,1,0,0,0,1,0,1,0
0,0,1,0,0,0,0,1,0
1,0,0,0,0,1,1,0,0
0,1,0,0,0,1,0,1,0
0,1,0,0,0,1,NA,NA,NA
0,0,1,0,0,0,1,0,0
1,0,0,0,0,1,NA,NA,NA
0,0,0,1,0,0,1,0,0
0,1,0,0,0,1,0,0,1
0,0,0,0,1,1,0,0,1
0,0,1,0,0,0,1,0,0
1,0,0,0,0,1,0,0,1
0,0,1,0,0,1,0,1,0
0,0,0,0,1,1,1,0,0
1,0,0,0,0,1,0,0,1
0,1,0,0,0,1,0,0,1
0,0,0,1,0,1,1,0,0
0,1,0,0,0,0,0,0,1
0,0,0,0,1,0,1,0,0
0,0,0,0,1,1,0,1,0
0,0,0,1,0,1,0,0,1
0,0,1,0,0,1,0,0,1
0,0,1,0,0,0,1,0,0
0,1,0,0,0,0,0,0,1
0,0,0,1,0,0,0,1,0
0,1,0,0,0,1,1,0,0
0,0,1,0,0,1,NA,NA,NA
0,0,0,0,1,1,1,0,0
0,0,1,0,0,1,0,0,1
1,0,0,0,0,1,0,1,0
0,0,1,0,0,1,0,0,1
0,0,0,1,0,1,0,0,1
1,0,0,0,0,1,0,1,0
0,0,1,0,0,0,0,1,0
0,0,0,1,0,1,0,1,0
0,1,0,0,0,1,0,0,1
0,0,0,1,0,0,1,0,0
0,0,0,1,0,1,0,1,0
0,1,0,0,0,1,NA,NA,NA
0,0,1,0,0,1,0,0,1
0,0,0,0,1,1,NA,NA,NA
0,0,0,0,1,0,0,1,0
0,0,1,0,0,1,NA,NA,NA
1,0,0,0,0,1,0,1,0
0,0,0,0,1,0,0,1,0
1,0,0,0,0,0,1,0,0
0,0,1,0,0,0,0,0,1
1,0,0,0,0,0,NA,NA,NA
0,1,0,0,0,1,0,0,1
0,0,0,1,0,1,NA,NA,NA
1,0,0,0,0,1,0,1,0
0,0,0,1,0,0,0,1,0
0,0,0,0,1,0,0,0,1
1,0,0,0,0,1,0,1,0
0,0,0,1,0,0,1,0,0
1,0,0,0,0,1,0,0,1
0,1,0,0,0,1,1,0,0
0,0,0,0,1,1,0,0,1
1,0,0,0,0,1,0,0,1
0,0,0,1,0,0,0,0,1
0,0,1,0,0,1,0,0,1
1,0,0,0,0,0,1,0,0
0,1,0,0,0,0,NA,NA,NA
0,0,0,0,1,1,0,0,1
1,0,0,0,0,1,0,0,1
0,1,0,0,0,1,0,1,0
0,0,0,1,0,1,0,0,1
0,1,0,0,0,1,0,0,1
0,0,0,0,1,1,0,0,1
0,1,0,0,0,1,1,0,0
0,1,0,0,0,1,NA,NA,NA
0,0,0,1,0,1,0,1,0
0,0,1,0,0,0,0,0,1
1,0,0,0,0,1,NA,NA,NA
1,0,0,0,0,1,0,0,1
0,0,0,0,1,1,1,0,0
0,1,0,0,0,1,1,0,0
0,0,0,1,0,1,0,0,1
0,0,1,0,0,1,0,0,1
0,0,0,1,0,0,0,0,1
0,0,1,0,0,0,1,0,0
0,0,1,0,0,1,0,0,1
0,0,0,1,0,0,0,0,1
0,0,0,0,1,0,0,0,1
0,1,0,0,0,1,0,0,1
0,0,0,0,1,0,0,0,1
0,0,1,0,0,1,1,0,0
0,1,0,0,0,0,NA,NA,NA
0,0,1,0,0,0,0,1,0
0,0,1,0,0,0,0,1,0
0,0,0,1,0,1,1,0,0
0,0,1,0,0,1,0,1,0
0,0,0,1,0,1,0,1,0
0,1,0,0,0,1,1,0,0
0,0,0,1,0,0,NA,NA,NA
0,1,0,0,0,1,1,0,0
0,0,0,1,0,1,0,1,0
0,0,0,0,1,1,0,1,0
0,0,0,1,0,0,0,1,0
0,0,1,0,0,1,0,0,1
0,0,0,1,0,0,1,0,0
0,0,0,1,0,1,0,0,1
1,0,0,0,0,1,0,1,0
0,0,0,0,1,1,0,0,1
0,0,1,0,0,1,0,0,1
1,0,0,0,0,1,0,1,0
0,0,0,1,0,1,1,0,0
0,1,0,0,0,1,0,0,1
0,0,0,0,1,0,1,0,0
0,1,0,0,0,0,1,0,0
0,0,0,1,0,1,0,0,1
1,0,0,0,0,1,0,1,0
0,0,1,0,0,0,1,0,0
0,0,0,1,0,0,1,0,0
0,1,0,0,0,1,0,1,0
0,0,0,1,0,1,0,0,1
1,0,0,0,0,1,0,0,1
0,0,1,0,0,1,0,0,1
0,1,0,0,0,1,0,0,1
0,0,0,0,1,1,0,0,1
0,0,0,1,0,0,1,0,0
0,0,1,0,0,1,0,0,1
0,0,0,1,0,1,0,0,1
0,0,0,0,1,1,1,0,0
0,0,1,0,0,1,1,0,0
1,0,0,0,0,1,0,0,1
0,1,0,0,0,1,NA,NA,NA
0,0,0,0,1,1,0,0,1
1,0,0,0,0,1,0,0,1
0,0,0,0,1,0,0,1,0
0,0,0,0,1,0,0,1,0
0,0,0,1,0,1,NA,NA,NA
0,1,0,0,0,1,0,0,1
0,0,0,1,0,1,1,0,0
0,0,0,1,0,1,1,0,0
0,0,0,0,1,1,0,0,1
0,0,0,1,0,1,1,0,0
1,0,0,0,0,1,0,1,0
0,1,0,0,0,0,1,0,0
1,0,0,0,0,1,1,0,0
0,1,0,0,0,1,0,1,0
0,0,0,0,1,1,0,0,1
0,0,0,1,0,0,NA,NA,NA
1,0,0,0,0,1,0,1,0
0,0,0,0,1,1,0,1,0
0,0,0,0,1,1,1,0,0
0,0,1,0,0,0,1,0,0
1,0,0,0,0,1,0,1,0
0,0,0,0,1,0,0,0,1
0,1,0,0,0,1,NA,NA,NA
0,0,0,0,1,0,0,0,1
0,1,0,0,0,1,0,0,1
0,0,1,0,0,1,0,1,0
1,0,0,0,0,1,0,1,0
0,0,0,1,0,0,0,0,1
0,0,1,0,0,1,0,0,1
1,0,0,0,0,1,0,0,1
0,0,1,0,0,1,0,0,1
0,1,0,0,0,0,NA,NA,NA
0,1,0,0,0,1,0,0,1
0,0,0,1,0,1,1,0,0
0,0,1,0,0,0,0,1,0
1,0,0,0,0,1,0,0,1
0,1,0,0,0,1,0,0,1
0,0,1,0,0,0,0,0,1
1,0,0,0,0,0,1,0,0
0,0,0,1,0,1,1,0,0
1,0,0,0,0,1,1,0,0
0,1,0,0,0,1,NA,NA,NA
0,0,0,1,0,1,0,0,1
0,0,0,0,1,1,0,0,1
0,1,0,0,0,1,NA,NA,NA
0,1,0,0,0,1,0,0,1
0,0,0,0,1,0,1,0,0
0,0,0,0,1,1,0,0,1
0,0,1,0,0,1,0,0,1
0,0,0,1,0,0,1,0,0
0,1,0,0,0,1,1,0,0
0,1,0,0,0,1,0,0,1
1,0,0,0,0,1,0,0,1
0,1,0,0,0,1,NA,NA,NA
0,0,0,0,1,0,1,0,0
0,0,1,0,0,1,0,1,0
0,0,0,0,1,1,0,1,0
1,0,0,0,0,1,1,0,0
0,0,0,1,0,1,1,0,0
0,1,0,0,0,1,0,0,1
0,0,0,0,1,1,0,0,1
0,0,0,1,0,1,0,1,0
0,0,0,0,1,1,NA,NA,NA
0,0,0,0,1,0,1,0,0
0,0,1,0,0,0,1,0,0
0,1,0,0,0,1,0,0,1
0,0,1,0,0,1,0,1,0
0,0,1,0,0,1,0,1,0
0,1,0,0,0,0,1,0,0
0,0,1,0,0,0,0,0,1
0,1,0,0,0,0,1,0,0
1,0,0,0,0,1,0,1,0
0,0,1,0,0,1,1,0,0
0,0,1,0,0,0,0,0,1
1,0,0,0,0,1,0,0,1
0,1,0,0,0,1,1,0,0
0,0,0,1,0,0,1,0,0
0,0,0,0,1,1,1,0,0
0,0,1,0,0,0,1,0,0
0,0,0,1,0,0,1,0,0
0,0,0,1,0,1,0,0,1
0,0,1,0,0,0,1,0,0
1,0,0,0,0,0,1,0,0
0,0,0,0,1,1,NA,NA,NA
0,0,1,0,0,0,NA,NA,NA
1,0,0,0,0,0,NA,NA,NA
1,0,0,0,0,0,NA,NA,NA
0,0,1,0,0,0,NA,NA,NA
1,0,0,0,0,1,0,0,1
1,0,0,0,0,1,0,0,1
0,1,0,0,0,1,1,0,0
0,0,0,1,0,1,0,1,0
0,0,0,0,1,1,0,0,1
0,0,1,0,0,1,0,1,0
0,1,0,0,0,1,0,1,0
0,0,0,1,0,1,0,0,1
0,0,0,0,1,1,1,0,0
0,0,0,0,1,0,1,0,0
0,1,0,0,0,0,1,0,0
0,0,0,1,0,1,0,1,0
0,0,1,0,0,1,0,0,1
1,0,0,0,0,1,0,0,1
0,0,0,1,0,0,1,0,0
1,0,0,0,0,1,0,0,1
0,1,0,0,0,1,0,0,1
1,0,0,0,0,1,1,0,0
0,0,0,1,0,0,1,0,0
0,0,1,0,0,0,1,0,0
1,0,0,0,0,1,1,0,0
0,0,0,0,1,0,0,0,1
0,1,0,0,0,1,0,0,1
0,0,0,1,0,0,0,0,1
1,0,0,0,0,1,0,1,0
0,1,0,0,0,1,0,1,0
0,0,0,1,0,1,0,0,1
0,0,0,0,1,1,0,0,1
0,0,1,0,0,0,1,0,0
1,0,0,0,0,1,NA,NA,NA
1,0,0,0,0,1,0,1,0
0,1,0,0,0,1,0,0,1
0,1,0,0,0,0,0,1,0
0,0,0,1,0,1,1,0,0
0,0,1,0,0,1,0,0,1
1,0,0,0,0,1,NA,NA,NA
0,0,1,0,0,1,0,0,1
1,0,0,0,0,1,1,0,0
0,0,0,1,0,0,0,1,0
0,0,0,0,1,1,0,1,0
0,0,1,0,0,0,1,0,0
1,0,0,0,0,1,1,0,0
0,0,0,1,0,0,0,1,0
0,1,0,0,0,1,0,0,1
0,0,1,0,0,1,0,0,1
0,0,0,1,0,0,1,0,0
0,0,0,0,1,0,NA,NA,NA
0,0,1,0,0,1,1,0,0
0,1,0,0,0,0,1,0,0
0,0,0,1,0,1,0,0,1
0,0,1,0,0,0,0,1,0
0,0,0,1,0,1,0,0,1
1,0,0,0,0,1,0,1,0
0,0,1,0,0,0,0,1,0
1,0,0,0,0,1,1,0,0
0,0,1,0,0,0,1,0,0
0,0,1,0,0,1,0,0,1
0,1,0,0,0,1,1,0,0
1,0,0,0,0,1,NA,NA,NA
0,0,0,0,1,0,1,0,0
1,0,0,0,0,1,0,0,1
0,0,0,1,0,0,0,0,1
1,0,0,0,0,0,1,0,0
0,0,0,0,1,1,0,0,1
0,1,0,0,0,1,NA,NA,NA
0,0,0,1,0,0,NA,NA,NA
0,0,1,0,0,0,0,0,1
1,0,0,0,0,1,0,0,1
0,1,0,0,0,0,NA,NA,NA
0,0,0,1,0,1,0,0,1
0,0,0,0,1,1,1,0,0
0,0,1,0,0,0,0,1,0
0,0,0,1,0,1,0,0,1
0,1,0,0,0,1,0,0,1
0,0,0,0,1,1,1,0,0
0,0,1,0,0,0,0,0,1
0,1,0,0,0,1,0,0,1
0,0,0,1,0,1,0,0,1
0,0,0,0,1,1,0,1,0
1,0,0,0,0,1,0,0,1
0,0,0,1,0,1,0,1,0
0,1,0,0,0,1,0,0,1
0,0,0,0,1,1,1,0,0
0,0,1,0,0,1,0,0,1
0,0,0,0,1,1,NA,NA,NA
0,0,1,0,0,0,1,0,0
1,0,0,0,0,1,1,0,0
1,0,0,0,0,1,0,0,1
0,0,0,1,0,1,0,0,1
0,0,0,0,1,0,0,0,1
0,0,0,1,0,1,0,0,1
0,0,0,0,1,1,0,1,0
1,0,0,0,0,0,0,1,0
1,0,0,0,0,1,0,1,0
0,1,0,0,0,1,1,0,0
0,1,0,0,0,1,0,1,0
0,0,0,0,1,1,0,0,1
0,0,0,0,1,1,0,0,1
0,0,1,0,0,0,NA,NA,NA
0,1,0,0,0,1,0,0,1
1,0,0,0,0,0,0,0,1
0,0,0,1,0,0,1,0,0
0,1,0,0,0,1,0,1,0
0,0,0,0,1,1,0,0,1
0,0,0,0,1,1,0,0,1
1,0,0,0,0,1,NA,NA,NA
0,1,0,0,0,1,NA,NA,NA
0,0,1,0,0,1,0,1,0
1,0,0,0,0,0,0,1,0
0,0,1,0,0,1,NA,NA,NA
0,1,0,0,0,1,0,0,1
0,0,0,1,0,1,0,0,1
0,0,0,0,1,1,0,1,0
0,0,1,0,0,1,NA,NA,NA
0,0,0,1,0,0,0,1,0
0,0,0,0,1,1,NA,NA,NA
0,0,1,0,0,0,0,0,1
0,1,0,0,0,1,0,0,1
0,0,1,0,0,0,0,0,1
0,0,0,1,0,1,0,0,1
0,0,0,0,1,1,0,0,1
0,1,0,0,0,1,0,0,1
0,0,0,1,0,1,NA,NA,NA
0,0,0,1,0,1,0,0,1
0,0,1,0,0,1,0,1,0
1,0,0,0,0,1,0,0,1
0,1,0,0,0,0,0,1,0
1,0,0,0,0,0,0,1,0
0,0,0,1,0,0,1,0,0
0,0,0,1,0,0,1,0,0
0,0,0,0,1,0,0,1,0
0,0,0,0,1,1,0,1,0
1,0,0,0,0,1,0,0,1
0,0,0,0,1,0,1,0,0
0,0,0,1,0,1,0,0,1
0,0,0,0,1,1,NA,NA,NA
0,1,0,0,0,1,0,1,0
0,0,0,0,1,1,0,0,1
0,0,0,0,1,1,0,1,0
0,1,0,0,0,0,0,1,0
0,0,0,0,1,1,NA,NA,NA
0,0,1,0,0,1,0,1,0
0,1,0,0,0,1,0,1,0
1,0,0,0,0,1,0,0,1
0,1,0,0,0,0,0,0,1
0,1,0,0,0,0,0,0,1
0,0,0,0,1,1,0,0,1
0,1,0,0,0,0,1,0,0
0,0,0,1,0,1,0,0,1
0,1,0,0,0,1,1,0,0
0,0,1,0,0,1,0,1,0
0,0,0,1,0,0,1,0,0
0,0,0,0,1,0,1,0,0
0,0,0,1,0,1,1,0,0
0,0,1,0,0,1,0,0,1
0,1,0,0,0,1,0,0,1
0,0,0,0,1,1,0,0,1
0,0,1,0,0,1,0,0,1
0,0,0,0,1,1,0,0,1
0,0,0,1,0,0,0,0,1
0,0,0,1,0,0,1,0,0
0,0,0,0,1,1,1,0,0
0,0,1,0,0,1,1,0,0
1,0,0,0,0,1,1,0,0
0,1,0,0,0,1,NA,NA,NA
0,0,0,0,1,0,1,0,0
0,0,1,0,0,1,0,0,1
0,0,0,1,0,0,0,1,0
0,0,0,0,1,1,0,1,0
1,0,0,0,0,1,1,0,0
0,1,0,0,0,1,0,0,1
0,0,0,1,0,1,0,1,0
1,0,0,0,0,1,1,0,0
0,0,0,1,0,1,0,1,0
0,0,0,0,1,1,0,0,1
0,0,0,0,1,1,1,0,0
1,0,0,0,0,0,1,0,0
0,0,0,0,1,0,0,1,0
0,0,1,0,0,0,0,0,1
0,0,0,0,1,1,NA,NA,NA
0,0,1,0,0,1,1,0,0
0,1,0,0,0,0,0,1,0
0,0,1,0,0,1,0,0,1
1,0,0,0,0,0,1,0,0
0,0,1,0,0,0,0,0,1
1,0,0,0,0,1,0,0,1
0,0,0,0,1,1,0,0,1
0,1,0,0,0,1,0,1,0
0,0,1,0,0,0,0,0,1
0,1,0,0,0,1,0,0,1
0,0,1,0,0,1,0,1,0
1,0,0,0,0,1,0,1,0
0,0,0,1,0,1,NA,NA,NA
0,1,0,0,0,1,1,0,0
0,0,0,1,0,1,0,1,0
0,0,0,0,1,1,0,1,0
1,0,0,0,0,1,0,0,1
0,0,0,1,0,1,0,1,0
0,0,0,0,1,1,1,0,0
1,0,0,0,0,1,0,1,0
0,0,0,0,1,1,1,0,0
1,0,0,0,0,0,NA,NA,NA
0,0,0,1,0,1,0,0,1
0,0,0,0,1,1,NA,NA,NA
0,0,0,1,0,0,NA,NA,NA
1,0,0,0,0,1,0,1,0
0,1,0,0,0,0,0,0,1
0,0,0,0,1,1,0,0,1
0,0,1,0,0,1,0,0,1
0,1,0,0,0,0,1,0,0
0,0,0,0,1,0,1,0,0
0,1,0,0,0,1,0,0,1
0,0,1,0,0,1,0,1,0
0,0,0,1,0,1,0,0,1
0,0,1,0,0,1,0,0,1
0,0,0,1,0,1,0,1,0
0,0,0,0,1,1,0,1,0
0,0,1,0,0,1,1,0,0
0,1,0,0,0,1,0,0,1
0,0,0,1,0,0,0,1,0
0,0,1,0,0,1,0,1,0
1,0,0,0,0,1,1,0,0
0,1,0,0,0,1,1,0,0
1,0,0,0,0,1,0,0,1
0,0,1,0,0,1,1,0,0
0,0,0,0,1,1,0,0,1
1,0,0,0,0,1,1,0,0
0,1,0,0,0,0,0,1,0
0,1,0,0,0,0,1,0,0
0,0,1,0,0,1,0,0,1
0,0,0,1,0,1,1,0,0
0,1,0,0,0,0,0,0,1
0,0,0,1,0,0,1,0,0
0,0,1,0,0,1,0,0,1
0,0,0,0,1,0,0,1,0
0,0,1,0,0,0,1,0,0
0,1,0,0,0,1,0,0,1
0,0,0,1,0,1,0,0,1
0,0,0,1,0,1,0,1,0
0,0,0,0,1,1,0,0,1
1,0,0,0,0,1,0,1,0
0,1,0,0,0,1,1,0,0
1,0,0,0,0,1,NA,NA,NA
1,0,0,0,0,0,0,0,1
0,0,0,0,1,0,0,0,1
0,0,0,1,0,1,0,0,1
0,1,0,0,0,1,NA,NA,NA
0,0,1,0,0,1,1,0,0
1,0,0,0,0,0,1,0,0
0,1,0,0,0,1,NA,NA,NA
1,0,0,0,0,1,0,0,1
1,0,0,0,0,1,0,0,1
0,0,0,0,1,1,0,0,1
0,0,1,0,0,1,1,0,0
1,0,0,0,0,0,1,0,0
0,0,0,0,1,1,0,0,1
1,0,0,0,0,0,1,0,0
0,0,0,1,0,1,0,0,1
0,1,0,0,0,1,0,1,0
0,0,0,0,1,0,1,0,0
1,0,0,0,0,1,1,0,0
0,1,0,0,0,1,0,0,1
0,0,0,1,0,1,0,0,1
0,0,0,0,1,1,0,0,1
0,0,0,0,1,1,0,1,0
1,0,0,0,0,1,1,0,0
0,1,0,0,0,0,0,1,0
0,0,0,1,0,1,0,0,1
0,0,1,0,0,1,NA,NA,NA
1,0,0,0,0,1,1,0,0
0,1,0,0,0,1,0,0,1
0,0,0,1,0,0,0,0,1
0,0,1,0,0,1,1,0,0
0,0,1,0,0,0,0,0,1
0,0,1,0,0,1,1,0,0
1,0,0,0,0,1,0,0,1
0,1,0,0,0,1,0,0,1
1,0,0,0,0,1,0,0,1
0,1,0,0,0,0,0,0,1
0,0,1,0,0,0,0,1,0
0,0,0,1,0,1,0,1,0
0,0,1,0,0,1,0,0,1
1,0,0,0,0,1,1,0,0
0,0,0,0,1,0,0,0,1
1,0,0,0,0,1,1,0,0
0,1,0,0,0,0,1,0,0
0,1,0,0,0,1,0,0,1
0,0,0,1,0,0,1,0,0
1,0,0,0,0,1,1,0,0
0,0,1,0,0,1,0,0,1
0,0,0,1,0,1,0,1,0
0,0,0,0,1,1,0,0,1
0,0,1,0,0,1,0,0,1
0,0,0,0,1,1,0,0,1
0,1,0,0,0,1,1,0,0
0,0,0,1,0,1,0,0,1
0,0,0,0,1,1,1,0,0
0,0,1,0,0,1,0,1,0
1,0,0,0,0,1,1,0,0
1,0,0,0,0,1,1,0,0
0,0,0,1,0,0,0,0,1
0,0,1,0,0,1,0,0,1
0,0,0,0,1,1,0,1,0
0,0,1,0,0,0,1,0,0
1,0,0,0,0,1,0,1,0
0,1,0,0,0,1,0,0,1
0,0,0,0,1,1,0,1,0
0,0,1,0,0,1,0,1,0
0,1,0,0,0,0,1,0,0
0,0,0,1,0,1,0,1,0
0,0,1,0,0,1,1,0,0
1,0,0,0,0,1,0,0,1
0,1,0,0,0,1,0,1,0
0,0,1,0,0,1,0,0,1
1,0,0,0,0,1,0,0,1
0,0,0,1,0,1,0,0,1
0,0,0,0,1,1,1,0,0
0,0,0,0,1,0,1,0,0
1,0,0,0,0,0,0,0,1
0,1,0,0,0,1,NA,NA,NA
1,0,0,0,0,1,1,0,0
1,0,0,0,0,1,1,0,0
0,0,0,1,0,1,NA,NA,NA
0,0,0,0,1,0,0,1,0
1,0,0,0,0,0,0,0,1
0,0,0,0,1,0,1,0,0
1,0,0,0,0,1,0,0,1
0,1,0,0,0,1,0,0,1
0,0,0,1,0,1,0,0,1
1,0,0,0,0,1,NA,NA,NA
0,1,0,0,0,0,1,0,0
0,0,0,1,0,0,0,0,1
0,0,1,0,0,1,NA,NA,NA
0,1,0,0,0,1,1,0,0
0,0,1,0,0,0,1,0,0
1,0,0,0,0,0,1,0,0
0,0,1,0,0,0,1,0,0
0,0,0,1,0,1,NA,NA,NA
0,0,1,0,0,0,1,0,0
1,0,0,0,0,1,0,1,0
0,0,0,0,1,1,1,0,0
0,0,1,0,0,1,0,1,0
1,0,0,0,0,1,1,0,0
0,0,0,1,0,1,0,1,0
1,0,0,0,0,1,1,0,0
1,0,0,0,0,0,1,0,0
0,1,0,0,0,1,0,1,0
0,0,0,0,1,0,0,1,0
1,0,0,0,0,1,1,0,0
0,0,0,1,0,0,0,1,0
0,0,0,1,0,1,0,0,1
0,0,0,0,1,1,0,1,0
1,0,0,0,0,1,1,0,0
0,0,0,1,0,1,0,1,0
1,0,0,0,0,1,0,0,1
0,0,0,1,0,0,1,0,0
1,0,0,0,0,1,NA,NA,NA
1,0,0,0,0,0,0,1,0
0,0,0,0,1,0,1,0,0
0,0,1,0,0,0,1,0,0
0,0,0,1,0,1,0,0,1
0,0,0,1,0,1,1,0,0
1,0,0,0,0,1,0,1,0
0,0,0,1,0,1,NA,NA,NA
0,0,0,0,1,0,1,0,0
0,1,0,0,0,1,0,1,0
0,0,0,0,1,1,1,0,0
1,0,0,0,0,1,1,0,0
0,1,0,0,0,1,0,1,0
0,1,0,0,0,0,0,0,1
0,1,0,0,0,1,1,0,0
0,0,1,0,0,1,1,0,0
1,0,0,0,0,1,0,0,1
0,1,0,0,0,1,0,0,1
0,0,0,1,0,1,0,0,1
0,0,1,0,0,0,0,0,1
0,0,0,1,0,1,1,0,0
0,1,0,0,0,0,0,1,0
0,0,0,1,0,0,0,0,1
0,0,1,0,0,1,0,0,1
0,1,0,0,0,0,0,0,1
0,0,0,1,0,0,1,0,0
0,0,0,0,1,0,1,0,0
0,1,0,0,0,1,0,1,0
0,0,0,1,0,0,1,0,0
0,0,0,1,0,0,NA,NA,NA
0,0,0,1,0,1,0,0,1
0,0,1,0,0,1,0,0,1
0,1,0,0,0,1,0,0,1
0,0,0,1,0,1,0,0,1
0,1,0,0,0,0,1,0,0
0,0,0,0,1,0,1,0,0
0,0,0,0,1,1,0,1,0
0,0,1,0,0,0,1,0,0
0,0,0,1,0,0,0,0,1
0,0,0,0,1,0,0,1,0
0,1,0,0,0,1,0,0,1
0,0,0,0,1,1,0,0,1
0,1,0,0,0,1,0,0,1
0,0,0,0,1,1,1,0,0
0,0,0,1,0,1,1,0,0
0,0,0,0,1,0,0,1,0
0,0,1,0,0,1,0,1,0
1,0,0,0,0,1,0,0,1
0,0,1,0,0,0,1,0,0
0,0,0,1,0,1,0,0,1
1,0,0,0,0,0,1,0,0
0,0,0,0,1,1,0,0,1
0,1,0,0,0,0,1,0,0
0,0,0,0,1,0,1,0,0
0,0,1,0,0,1,NA,NA,NA
0,1,0,0,0,1,0,0,1
1,0,0,0,0,1,1,0,0
0,0,0,1,0,1,0,0,1
0,0,0,0,1,1,NA,NA,NA
0,0,1,0,0,1,0,0,1
0,0,1,0,0,1,0,0,1
0,0,0,1,0,1,1,0,0
0,0,0,0,1,1,0,0,1
0,0,1,0,0,0,NA,NA,NA
1,0,0,0,0,1,0,1,0
0,0,0,1,0,1,0,0,1
1,0,0,0,0,1,0,0,1
0,0,0,0,1,1,0,1,0
0,0,0,0,1,0,1,0,0
0,0,0,0,1,1,1,0,0
0,0,1,0,0,1,0,0,1
0,0,0,1,0,1,1,0,0
0,0,1,0,0,0,0,1,0
0,1,0,0,0,1,1,0,0
0,0,0,0,1,1,0,1,0
0,0,1,0,0,1,0,0,1
0,0,0,1,0,0,0,1,0
0,0,0,0,1,1,1,0,0
0,0,1,0,0,1,0,0,1
0,0,0,0,1,1,0,0,1
0,0,1,0,0,1,0,0,1
0,0,0,1,0,1,0,0,1
0,0,0,0,1,1,0,0,1
0,0,1,0,0,1,0,1,0
1,0,0,0,0,0,0,1,0
0,0,1,0,0,0,0,0,1
0,0,0,1,0,0,1,0,0
0,0,0,0,1,1,1,0,0
0,0,1,0,0,1,0,0,1
1,0,0,0,0,0,NA,NA,NA
0,1,0,0,0,1,0,1,0
0,0,1,0,0,0,1,0,0
1,0,0,0,0,1,0,0,1
0,1,0,0,0,0,0,1,0
0,1,0,0,0,1,0,1,0
0,0,0,1,0,1,0,0,1
1,0,0,0,0,1,0,1,0
0,1,0,0,0,1,0,0,1
0,0,1,0,0,1,0,0,1
1,0,0,0,0,1,0,0,1
0,0,0,1,0,1,1,0,0
0,0,1,0,0,0,1,0,0
0,1,0,0,0,0,0,0,1
0,1,0,0,0,1,1,0,0
0,0,1,0,0,1,NA,NA,NA
1,0,0,0,0,0,NA,NA,NA
0,1,0,0,0,1,0,0,1
0,0,0,0,1,1,NA,NA,NA
0,0,1,0,0,0,1,0,0
0,1,0,0,0,1,0,0,1
0,0,0,1,0,1,0,1,0
0,0,0,0,1,1,1,0,0
1,0,0,0,0,1,1,0,0
0,0,1,0,0,0,0,0,1
1,0,0,0,0,0,1,0,0
0,1,0,0,0,1,1,0,0
0,0,1,0,0,1,1,0,0
0,0,1,0,0,0,1,0,0
0,0,0,0,1,1,0,0,1
0,0,1,0,0,0,0,0,1
0,0,0,1,0,1,0,1,0
0,0,0,0,1,1,1,0,0
0,0,1,0,0,1,1,0,0
1,0,0,0,0,0,NA,NA,NA
0,0,0,1,0,1,0,1,0
0,0,1,0,0,1,1,0,0
1,0,0,0,0,1,0,0,1
1,0,0,0,0,0,0,0,1
0,1,0,0,0,1,0,0,1
0,0,0,1,0,1,0,0,1
0,1,0,0,0,1,0,0,1
0,0,0,1,0,0,1,0,0
0,0,1,0,0,1,1,0,0
0,1,0,0,0,0,1,0,0
0,0,0,1,0,1,1,0,0
0,0,0,0,1,0,0,1,0
1,0,0,0,0,1,0,0,1
0,0,0,1,0,0,0,1,0
0,0,0,0,1,1,0,1,0
1,0,0,0,0,0,1,0,0
0,1,0,0,0,1,0,1,0
0,0,0,0,1,0,0,0,1
0,0,0,1,0,0,1,0,0
0,1,0,0,0,1,0,0,1
0,0,1,0,0,0,1,0,0
0,0,0,1,0,1,0,1,0
0,0,0,0,1,1,1,0,0
0,0,1,0,0,1,0,1,0
0,0,0,0,1,1,1,0,0
0,0,0,0,1,1,0,0,1
0,1,0,0,0,0,1,0,0
0,0,0,0,1,1,1,0,0
1,0,0,0,0,1,NA,NA,NA
0,1,0,0,0,1,0,1,0
1,0,0,0,0,1,NA,NA,NA
0,0,1,0,0,0,NA,NA,NA
0,0,0,0,1,0,1,0,0
0,0,1,0,0,1,1,0,0
0,0,0,1,0,1,0,0,1
0,0,0,0,1,1,0,0,1
0,0,0,0,1,0,1,0,0
0,0,1,0,0,1,1,0,0
0,0,1,0,0,1,0,0,1
1,0,0,0,0,1,0,1,0
0,1,0,0,0,1,1,0,0
0,0,0,0,1,0,0,1,0
0,0,0,1,0,1,0,0,1
0,0,0,0,1,1,0,0,1
0,0,0,1,0,1,0,1,0
0,0,1,0,0,1,0,0,1
1,0,0,0,0,1,0,1,0
0,1,0,0,0,1,0,1,0
0,0,0,1,0,0,1,0,0
0,0,0,0,1,0,0,0,1
1,0,0,0,0,1,0,0,1
0,1,0,0,0,1,0,0,1
1,0,0,0,0,1,0,0,1
1,0,0,0,0,1,0,0,1
1,0,0,0,0,1,0,0,1
0,0,0,0,1,1,0,0,1
0,0,1,0,0,1,1,0,0
0,0,0,0,1,1,0,1,0
0,0,0,0,1,1,0,0,1
1,0,0,0,0,1,0,0,1
0,0,0,1,0,1,0,0,1
1,0,0,0,0,1,0,0,1
0,0,0,1,0,1,1,0,0
0,0,1,0,0,0,NA,NA,NA
1,0,0,0,0,1,0,1,0
0,0,1,0,0,1,0,0,1
0,0,0,0,1,1,0,0,1
0,0,1,0,0,1,0,0,1
0,1,0,0,0,1,0,0,1
0,0,1,0,0,1,1,0,0
1,0,0,0,0,1,0,1,0
0,1,0,0,0,0,1,0,0
0,0,1,0,0,1,0,1,0
0,1,0,0,0,1,0,0,1
0,0,0,0,1,0,1,0,0
0,0,1,0,0,0,1,0,0
0,1,0,0,0,1,0,0,1
0,0,1,0,0,0,1,0,0
1,0,0,0,0,1,0,1,0
0,0,0,1,0,0,0,0,1
0,0,1,0,0,1,0,0,1
0,1,0,0,0,0,1,0,0
0,0,0,0,1,1,0,0,1
1,0,0,0,0,1,0,0,1
0,1,0,0,0,0,1,0,0
0,0,0,1,0,0,NA,NA,NA
0,0,1,0,0,1,0,1,0
0,0,0,1,0,1,1,0,0
0,0,0,0,1,1,0,0,1
0,0,1,0,0,1,0,1,0
0,1,0,0,0,0,0,0,1
1,0,0,0,0,1,0,1,0
0,0,1,0,0,0,1,0,0
0,1,0,0,0,1,1,0,0
0,0,0,1,0,0,NA,NA,NA
0,0,0,0,1,0,0,0,1
1,0,0,0,0,1,0,0,1
1,0,0,0,0,1,0,0,1
0,1,0,0,0,1,1,0,0
0,0,0,0,1,1,0,0,1
0,0,1,0,0,1,1,0,0
0,0,0,0,1,1,0,0,1
0,0,1,0,0,0,0,0,1
0,0,0,0,1,0,1,0,0
1,0,0,0,0,1,1,0,0
0,0,0,0,1,0,0,0,1
0,1,0,0,0,0,0,0,1
0,0,1,0,0,0,0,0,1
0,1,0,0,0,1,0,0,1
0,0,1,0,0,1,0,1,0
1,0,0,0,0,1,0,0,1
0,1,0,0,0,1,0,0,1
0,0,0,1,0,0,1,0,0
0,0,0,0,1,0,1,0,0
0,0,1,0,0,1,0,0,1
0,1,0,0,0,1,0,0,1
0,0,0,1,0,1,0,0,1
1,0,0,0,0,1,0,1,0
0,0,0,1,0,0,1,0,0
0,0,0,0,1,0,1,0,0
1,0,0,0,0,1,0,0,1
0,1,0,0,0,1,0,0,1
0,0,0,0,1,0,0,0,1
0,0,0,1,0,0,0,0,1
1,0,0,0,0,1,NA,NA,NA
0,0,0,1,0,1,0,0,1
0,0,0,1,0,1,1,0,0
1,0,0,0,0,0,1,0,0
0,0,0,1,0,1,0,1,0
0,0,1,0,0,1,0,0,1
1,0,0,0,0,1,0,1,0
0,1,0,0,0,1,0,1,0
0,0,0,1,0,1,1,0,0
0,0,0,0,1,1,1,0,0
1,0,0,0,0,0,1,0,0
0,0,1,0,0,1,NA,NA,NA
0,1,0,0,0,1,0,0,1
0,0,0,0,1,1,0,1,0
1,0,0,0,0,1,NA,NA,NA
0,1,0,0,0,1,0,0,1
0,0,1,0,0,0,0,0,1
0,1,0,0,0,1,1,0,0
0,0,0,1,0,1,0,0,1
0,0,1,0,0,0,NA,NA,NA
0,0,0,0,1,0,1,0,0
0,0,0,1,0,1,1,0,0
0,0,0,0,1,1,0,1,0
0,0,1,0,0,0,NA,NA,NA
1,0,0,0,0,1,0,1,0
0,0,0,0,1,1,0,0,1
1,0,0,0,0,1,0,0,1
0,0,0,1,0,1,0,0,1
1,0,0,0,0,0,1,0,0
0,0,1,0,0,1,0,1,0
1,0,0,0,0,0,0,1,0
0,0,0,1,0,0,NA,NA,NA
0,0,1,0,0,0,0,1,0
0,1,0,0,0,1,0,1,0
0,0,0,1,0,0,0,1,0
0,0,0,0,1,1,0,0,1
0,0,1,0,0,1,0,0,1
0,1,0,0,0,0,1,0,0
0,0,1,0,0,0,0,1,0
0,0,0,0,1,1,0,0,1
0,0,1,0,0,0,NA,NA,NA
0,0,0,1,0,1,0,0,1
0,0,0,0,1,1,0,0,1
0,0,1,0,0,1,0,0,1
0,1,0,0,0,1,0,1,0
0,0,0,1,0,1,0,0,1
0,0,0,0,1,1,NA,NA,NA
0,0,1,0,0,1,0,0,1
0,0,0,1,0,1,1,0,0
0,0,0,0,1,1,0,0,1
0,0,0,1,0,1,0,0,1
0,0,1,0,0,1,1,0,0
0,1,0,0,0,1,0,0,1
0,0,0,1,0,1,0,0,1
0,0,0,0,1,1,1,0,0
0,0,1,0,0,0,1,0,0
0,0,0,1,0,1,1,0,0
0,0,1,0,0,0,NA,NA,NA
1,0,0,0,0,1,1,0,0
0,0,0,0,1,1,NA,NA,NA
0,0,0,0,1,0,1,0,0
0,0,1,0,0,1,0,0,1
1,0,0,0,0,1,0,0,1
0,1,0,0,0,0,1,0,0
0,0,0,1,0,1,0,0,1
1,0,0,0,0,0,1,0,0
0,0,1,0,0,1,NA,NA,NA
0,1,0,0,0,0,NA,NA,NA
0,0,1,0,0,0,0,1,0
0,0,0,0,1,0,0,0,1
0,0,0,1,0,0,1,0,0
1,0,0,0,0,1,0,0,1
1,0,0,0,0,1,0,0,1
0,0,0,0,1,0,0,0,1
0,0,0,0,1,0,0,0,1
1,0,0,0,0,1,0,0,1
0,1,0,0,0,1,1,0,0
0,0,1,0,0,1,0,1,0
0,0,0,1,0,0,0,1,0
1,0,0,0,0,1,0,1,0
0,0,0,1,0,1,0,0,1
1,0,0,0,0,1,1,0,0
0,1,0,0,0,0,0,1,0
0,0,0,0,1,1,1,0,0
0,0,1,0,0,1,0,1,0
1,0,0,0,0,1,0,0,1
0,1,0,0,0,0,1,0,0
0,0,0,0,1,0,0,0,1
0,0,1,0,0,1,1,0,0
1,0,0,0,0,0,NA,NA,NA
0,1,0,0,0,0,0,0,1
0,0,1,0,0,0,1,0,0
0,1,0,0,0,1,0,0,1
1,0,0,0,0,1,0,0,1
0,1,0,0,0,0,1,0,0
0,0,0,1,0,1,0,1,0
0,0,0,0,1,1,1,0,0
0,0,1,0,0,1,0,0,1
1,0,0,0,0,1,1,0,0
0,1,0,0,0,1,0,1,0
0,0,0,1,0,0,1,0,0
0,1,0,0,0,0,NA,NA,NA
0,0,0,1,0,1,NA,NA,NA
1,0,0,0,0,1,1,0,0
0,0,1,0,0,0,1,0,0
0,0,0,1,0,1,0,0,1
0,0,1,0,0,0,1,0,0
0,1,0,0,0,1,0,0,1
0,0,0,0,1,0,0,1,0
0,0,0,1,0,0,NA,NA,NA
0,0,0,1,0,1,1,0,0
0,0,0,0,1,1,0,0,1
0,0,1,0,0,1,1,0,0
1,0,0,0,0,1,NA,NA,NA
0,1,0,0,0,0,0,0,1
0,0,0,0,1,1,0,0,1
0,1,0,0,0,1,1,0,0
0,0,0,0,1,0,1,0,0
0,0,1,0,0,0,1,0,0
0,1,0,0,0,1,0,1,0
0,0,0,1,0,1,NA,NA,NA
0,0,0,0,1,0,0,0,1
1,0,0,0,0,1,0,0,1
0,1,0,0,0,1,0,0,1
0,0,1,0,0,1,0,0,1
1,0,0,0,0,0,0,1,0
0,1,0,0,0,1,1,0,0
0,0,0,0,1,1,1,0,0
0,0,1,0,0,1,0,1,0
1,0,0,0,0,1,0,1,0
0,0,0,1,0,1,0,0,1
0,0,0,0,1,0,0,0,1
0,0,1,0,0,1,0,0,1
0,0,0,1,0,1,0,0,1
0,0,0,0,1,1,0,0,1
0,0,1,0,0,1,0,1,0
1,0,0,0,0,1,0,1,0
0,0,0,0,1,0,0,0,1
0,1,0,0,0,1,1,0,0
0,0,0,1,0,1,0,0,1
0,0,0,0,1,0,1,0,0
1,0,0,0,0,1,NA,NA,NA
1,0,0,0,0,0,1,0,0
1,0,0,0,0,1,0,0,1
0,1,0,0,0,0,0,1,0
0,1,0,0,0,1,0,1,0
0,0,0,1,0,0,1,0,0
0,1,0,0,0,1,0,1,0
0,0,0,1,0,1,1,0,0
0,0,0,0,1,1,0,1,0
1,0,0,0,0,1,0,0,1
0,0,0,1,0,1,1,0,0
0,0,0,0,1,0,0,0,1
0,0,0,1,0,1,NA,NA,NA
0,0,1,0,0,0,1,0,0
1,0,0,0,0,1,0,1,0
0,1,0,0,0,1,0,0,1
1,0,0,0,0,0,1,0,0
0,0,1,0,0,1,NA,NA,NA
1,0,0,0,0,1,0,0,1
0,1,0,0,0,1,0,0,1
0,0,1,0,0,1,0,0,1
0,1,0,0,0,1,0,1,0
0,0,0,0,1,1,0,1,0
0,0,1,0,0,1,0,0,1
0,0,0,0,1,1,0,0,1
0,0,0,1,0,1,0,0,1
0,1,0,0,0,1,0,0,1
0,0,0,0,1,1,0,0,1
1,0,0,0,0,1,1,0,0
0,1,0,0,0,1,0,1,0
0,0,0,1,0,0,NA,NA,NA
0,1,0,0,0,0,NA,NA,NA
0,0,0,1,0,0,1,0,0
0,0,0,1,0,1,0,0,1
0,0,0,1,0,1,0,0,1
0,0,1,0,0,1,0,0,1
0,0,0,1,0,0,1,0,0
0,0,1,0,0,1,1,0,0
0,0,0,0,1,1,0,1,0
0,0,0,1,0,0,1,0,0
0,0,1,0,0,0,0,0,1
0,0,1,0,0,0,0,1,0
1,0,0,0,0,1,1,0,0
0,1,0,0,0,0,1,0,0
1,0,0,0,0,1,1,0,0
0,0,0,1,0,1,NA,NA,NA
0,0,0,1,0,0,0,0,1
0,0,1,0,0,1,0,0,1
0,0,1,0,0,1,0,0,1
1,0,0,0,0,1,0,0,1
0,0,0,0,1,1,NA,NA,NA
0,0,1,0,0,0,NA,NA,NA
0,0,0,0,1,0,0,0,1
0,0,1,0,0,1,0,1,0
0,0,1,0,0,0,0,0,1
0,1,0,0,0,1,0,0,1
1,0,0,0,0,1,NA,NA,NA
1,0,0,0,0,1,1,0,0
1,0,0,0,0,1,NA,NA,NA
0,0,0,1,0,0,0,0,1
1,0,0,0,0,1,0,0,1
0,1,0,0,0,0,0,0,1
1,0,0,0,0,1,0,0,1
0,0,0,1,0,0,NA,NA,NA
0,0,1,0,0,1,0,1,0
0,1,0,0,0,1,1,0,0
0,0,0,0,1,1,0,0,1
1,0,0,0,0,0,0,1,0
0,1,0,0,0,1,0,0,1
1,0,0,0,0,1,0,0,1
0,0,0,0,1,1,0,0,1
0,1,0,0,0,1,NA,NA,NA
0,0,0,0,1,1,1,0,0
0,0,0,0,1,0,1,0,0
0,0,0,0,1,1,0,0,1
1,0,0,0,0,1,NA,NA,NA
0,0,0,0,1,1,0,0,1
1,0,0,0,0,0,1,0,0
0,0,1,0,0,1,NA,NA,NA
1,0,0,0,0,1,1,0,0
0,0,0,0,1,0,NA,NA,NA
1,0,0,0,0,1,0,0,1
0,0,0,1,0,1,0,1,0
1,0,0,0,0,0,0,1,0
0,1,0,0,0,0,1,0,0
0,0,0,1,0,1,NA,NA,NA
0,1,0,0,0,1,0,1,0
0,0,0,0,1,1,0,1,0
1,0,0,0,0,1,0,1,0
0,0,0,1,0,0,0,0,1
1,0,0,0,0,1,1,0,0
0,1,0,0,0,1,0,0,1
0,0,0,1,0,1,1,0,0
0,1,0,0,0,1,0,0,1
1,0,0,0,0,1,1,0,0
0,0,0,1,0,0,0,0,1
0,0,0,0,1,1,1,0,0
0,0,1,0,0,1,0,1,0
0,1,0,0,0,1,0,1,0
0,0,0,1,0,0,1,0,0
0,0,1,0,0,0,0,0,1
0,1,0,0,0,1,1,0,0
1,0,0,0,0,1,0,1,0
0,1,0,0,0,1,0,1,0
0,0,0,1,0,0,1,0,0
1,0,0,0,0,1,0,0,1
0,1,0,0,0,1,1,0,0
0,0,0,1,0,1,1,0,0
0,0,1,0,0,0,1,0,0
0,1,0,0,0,1,0,0,1
0,0,0,1,0,0,0,0,1
0,0,0,0,1,0,NA,NA,NA
0,0,1,0,0,0,1,0,0
1,0,0,0,0,0,1,0,0
0,0,0,0,1,1,0,0,1
0,1,0,0,0,0,NA,NA,NA
0,0,0,0,1,1,1,0,0
0,1,0,0,0,0,0,1,0
0,0,0,0,1,1,1,0,0
1,0,0,0,0,1,NA,NA,NA
0,0,0,1,0,1,0,0,1
0,1,0,0,0,0,1,0,0
0,0,1,0,0,1,0,1,0
0,0,0,1,0,0,0,1,0
0,0,0,1,0,1,1,0,0
0,1,0,0,0,1,0,0,1
1,0,0,0,0,0,NA,NA,NA
0,0,0,1,0,1,0,0,1
0,0,0,0,1,1,0,0,1
0,1,0,0,0,1,0,0,1
0,0,0,1,0,0,1,0,0
0,0,0,0,1,1,1,0,0
0,0,1,0,0,1,0,0,1
0,1,0,0,0,1,0,0,1
0,0,0,1,0,1,0,1,0
0,0,1,0,0,0,0,0,1
0,0,0,1,0,1,0,0,1
0,0,0,0,1,0,0,0,1
0,0,0,1,0,1,0,1,0
1,0,0,0,0,1,1,0,0
1,0,0,0,0,1,0,0,1
0,0,0,1,0,1,1,0,0
1,0,0,0,0,1,1,0,0
0,1,0,0,0,1,0,1,0
0,0,0,0,1,1,0,0,1
0,1,0,0,0,1,0,0,1
1,0,0,0,0,0,1,0,0
0,0,1,0,0,1,0,0,1
1,0,0,0,0,0,0,0,1
0,0,0,0,1,0,0,1,0
1,0,0,0,0,0,NA,NA,NA
0,1,0,0,0,1,NA,NA,NA
0,0,0,0,1,1,NA,NA,NA
0,0,1,0,0,0,1,0,0
1,0,0,0,0,1,1,0,0
0,1,0,0,0,1,NA,NA,NA
0,0,1,0,0,1,0,0,1
0,0,0,0,1,0,0,0,1
0,0,1,0,0,1,0,0,1
1,0,0,0,0,1,0,1,0
0,1,0,0,0,1,1,0,0
0,0,0,0,1,1,0,0,1
1,0,0,0,0,1,0,1,0
0,1,0,0,0,1,0,0,1
0,0,1,0,0,1,1,0,0
0,0,0,1,0,0,0,0,1
0,0,0,0,1,0,0,0,1
1,0,0,0,0,0,1,0,0
0,1,0,0,0,1,1,0,0
0,0,0,0,1,0,0,1,0
0,1,0,0,0,0,0,0,1
0,0,0,0,1,1,0,0,1
0,0,1,0,0,0,0,0,1
1,0,0,0,0,1,1,0,0
0,0,0,1,0,1,0,0,1
0,0,0,1,0,1,0,0,1
0,0,0,0,1,0,1,0,0
0,0,0,0,1,1,0,0,1
1,0,0,0,0,1,1,0,0
0,1,0,0,0,1,NA,NA,NA
0,0,0,0,1,0,NA,NA,NA
0,0,1,0,0,1,0,1,0
0,1,0,0,0,1,0,0,1
1,0,0,0,0,1,0,0,1
0,1,0,0,0,1,1,0,0
1,0,0,0,0,1,0,0,1
0,1,0,0,0,1,1,0,0
0,0,0,1,0,0,1,0,0
0,0,1,0,0,1,0,0,1
0,0,1,0,0,0,1,0,0
1,0,0,0,0,1,1,0,0
0,1,0,0,0,1,1,0,0
0,1,0,0,0,1,0,0,1
0,0,0,0,1,1,1,0,0
0,1,0,0,0,0,1,0,0
0,0,0,1,0,1,1,0,0
0,0,1,0,0,0,0,1,0
0,0,1,0,0,0,0,0,1
0,1,0,0,0,1,0,0,1
0,0,0,1,0,1,0,0,1
0,0,0,0,1,1,1,0,0
1,0,0,0,0,1,1,0,0
0,0,0,1,0,0,1,0,0
0,0,1,0,0,1,0,0,1
1,0,0,0,0,1,0,0,1
0,1,0,0,0,1,1,0,0
0,0,0,1,0,1,0,0,1
0,0,0,0,1,0,1,0,0
0,1,0,0,0,0,0,1,0
0,0,0,1,0,0,NA,NA,NA
0,0,1,0,0,1,1,0,0
1,0,0,0,0,1,0,0,1
0,1,0,0,0,1,0,1,0
0,0,0,0,1,1,NA,NA,NA
0,0,1,0,0,1,0,0,1
0,0,1,0,0,1,1,0,0
0,0,1,0,0,1,1,0,0
1,0,0,0,0,1,NA,NA,NA
0,0,0,1,0,1,0,1,0
0,0,0,1,0,0,1,0,0
0,1,0,0,0,1,1,0,0
1,0,0,0,0,0,0,1,0
0,0,0,0,1,1,1,0,0
0,0,1,0,0,1,1,0,0
0,1,0,0,0,1,NA,NA,NA
0,0,0,0,1,1,1,0,0
0,0,0,1,0,1,1,0,0
0,0,0,0,1,0,1,0,0
1,0,0,0,0,1,0,0,1
0,0,1,0,0,1,0,0,1
0,0,0,1,0,1,0,0,1
0,0,0,0,1,1,0,1,0
1,0,0,0,0,1,0,0,1
0,1,0,0,0,1,0,1,0
0,0,0,1,0,0,1,0,0
0,0,0,0,1,1,0,0,1
0,1,0,0,0,1,0,1,0
0,1,0,0,0,1,1,0,0
0,0,0,1,0,0,NA,NA,NA
0,1,0,0,0,0,1,0,0
0,0,1,0,0,1,0,0,1
1,0,0,0,0,0,1,0,0
0,1,0,0,0,0,0,1,0
